{"cameraMode":{"drawMode":0,"name":"Shaded","section":"Shading Mode"},"sceneLighting":true,"audioPlay":false,"sceneViewState":{"m_AlwaysRefresh":false,"showFog":true,"showSkybox":true,"showFlares":true,"showImageEffects":true,"showParticleSystems":true,"showVisualEffectGraphs":true,"m_FxEnabled":true},"in2DMode":false,"pivot":{"x":909.887939453125,"y":639.4854736328125,"z":120.35167694091797},"rotation":{"x":-0.09466763585805893,"y":0.000594492070376873,"z":-0.00005647996658808552,"w":-0.9955090880393982},"size":613.36083984375,"orthographic":false}